rank,team_id,team_url,team,logo_url,games,wins,ties,losses,goals_for,goals_against,goal_diff,points,points_avg,xg_for,xg_against,xg_diff,xg_diff_per90,attendance_per_g,top_team_scorers,top_keeper,notes,competition_id,season_id,id
1,e2d8892c,/en/squads/e2d8892c/2024-2025/Paris-Saint-Germain-Stats,Paris S-G,https://cdn.ssref.net/req/202507141/tlogo/fb/mini.e2d8892c.png,34,26,6,2,92,35,+57,84,2.47,88.9,31.2,+57.7,+1.70,"47,413",Ousmane Dembélé-21,Gianluigi Donnarumma,→ Champions League via league finish,13,2024-2025,0b0dfcf1-db96-42bc-b89d-b7438cd8fec8
2,5725cc7b,/en/squads/5725cc7b/2024-2025/Marseille-Stats,Marseille,https://cdn.ssref.net/req/202507141/tlogo/fb/mini.5725cc7b.png,34,20,5,9,74,47,+27,65,1.91,63.8,45.2,+18.6,+0.55,"63,507",Mason Greenwood-21,Gerónimo Rulli,→ Champions League via league finish,13,2024-2025,0b0dfcf1-db96-42bc-b89d-b7438cd8fec8
3,fd6114db,/en/squads/fd6114db/2024-2025/Monaco-Stats,Monaco,https://cdn.ssref.net/req/202507141/tlogo/fb/mini.fd6114db.png,34,18,7,9,63,41,+22,61,1.79,72.8,34.8,+38.0,+1.12,"12,164",Mika Biereth-13,Philipp Köhn,→ Champions League via league finish,13,2024-2025,0b0dfcf1-db96-42bc-b89d-b7438cd8fec8
4,squads,/en/squads/132ebc33/Nice-Stats,Nice,https://cdn.ssref.net/req/202507141/tlogo/fb/mini.132ebc33.png,34,17,9,8,66,41,+25,60,1.76,61.6,40.2,+21.4,+0.63,"24,299",Evann Guessand-12,Marcin Bułka,→ Champions League via league finish,13,2024-2025,0b0dfcf1-db96-42bc-b89d-b7438cd8fec8
5,squads,/en/squads/cb188c0c/Lille-Stats,Lille,https://cdn.ssref.net/req/202507141/tlogo/fb/mini.cb188c0c.png,34,17,9,8,52,36,+16,60,1.76,54.7,42.5,+12.2,+0.36,"42,417",Jonathan David-16,Lucas Chevalier,→ Europa League via league finish,13,2024-2025,0b0dfcf1-db96-42bc-b89d-b7438cd8fec8
6,squads,/en/squads/d53c0b06/Lyon-Stats,Lyon,https://cdn.ssref.net/req/202507141/tlogo/fb/mini.d53c0b06.png,34,17,6,11,65,46,+19,57,1.68,60.3,45.7,+14.6,+0.43,"51,191",Alexandre Lacazette-15,Lucas Perri,→ Europa League via league finish,13,2024-2025,0b0dfcf1-db96-42bc-b89d-b7438cd8fec8
7,squads,/en/squads/c0d3eab4/Strasbourg-Stats,Strasbourg,https://cdn.ssref.net/req/202507141/tlogo/fb/mini.c0d3eab4.png,34,16,9,9,56,44,+12,57,1.68,49.3,56.1,-6.9,-0.20,"19,378",Emanuel Emegha-14,Đorđe Petrović,→ Conference League via league finish,13,2024-2025,0b0dfcf1-db96-42bc-b89d-b7438cd8fec8
8,squads,/en/squads/fd4e0f7d/Lens-Stats,Lens,https://cdn.ssref.net/req/202507141/tlogo/fb/mini.fd4e0f7d.png,34,15,7,12,42,39,+3,52,1.53,51.8,45.3,+6.5,+0.19,"37,971",Neil El Aynaoui-8,Brice Samba,,13,2024-2025,0b0dfcf1-db96-42bc-b89d-b7438cd8fec8
9,squads,/en/squads/fb08dbb3/Brest-Stats,Brest,https://cdn.ssref.net/req/202507141/tlogo/fb/mini.fb08dbb3.png,34,15,5,14,52,59,-7,50,1.47,45.4,57.4,-12.0,-0.35,"14,536",Ludovic Ajorque-13,Marco Bizot,,13,2024-2025,0b0dfcf1-db96-42bc-b89d-b7438cd8fec8
10,squads,/en/squads/3f8c4b5f/Toulouse-Stats,Toulouse,https://cdn.ssref.net/req/202507141/tlogo/fb/mini.3f8c4b5f.png,34,11,9,14,44,43,+1,42,1.24,49.1,36.8,+12.4,+0.36,"25,593",Zakaria Aboukhlal-7,Guillaume Restes,,13,2024-2025,0b0dfcf1-db96-42bc-b89d-b7438cd8fec8
11,squads,/en/squads/5ae09109/Auxerre-Stats,Auxerre,https://cdn.ssref.net/req/202507141/tlogo/fb/mini.5ae09109.png,34,11,9,14,48,51,-3,42,1.24,41.0,58.6,-17.6,-0.52,"16,634","Gaëtan Perrin,Hamed Junior Traorè-10",Donovan Léon,,13,2024-2025,0b0dfcf1-db96-42bc-b89d-b7438cd8fec8
12,squads,/en/squads/b3072e00/Rennes-Stats,Rennes,https://cdn.ssref.net/req/202507141/tlogo/fb/mini.b3072e00.png,34,13,2,19,51,50,+1,41,1.21,48.6,46.0,+2.6,+0.08,"27,970",Arnaud Kalimuendo-17,Brice Samba,,13,2024-2025,0b0dfcf1-db96-42bc-b89d-b7438cd8fec8
13,squads,/en/squads/d7a486cd/Nantes-Stats,Nantes,https://cdn.ssref.net/req/202507141/tlogo/fb/mini.d7a486cd.png,34,8,12,14,39,52,-13,36,1.06,39.1,55.5,-16.4,-0.48,"30,317",Matthis Abline-9,Anthony Lopes,,13,2024-2025,0b0dfcf1-db96-42bc-b89d-b7438cd8fec8
14,squads,/en/squads/69236f98/Angers-Stats,Angers,https://cdn.ssref.net/req/202507141/tlogo/fb/mini.69236f98.png,34,10,6,18,32,53,-21,36,1.06,36.0,57.8,-21.8,-0.64,"13,142",Esteban Lepaul-9,Yahia Fofana,,13,2024-2025,0b0dfcf1-db96-42bc-b89d-b7438cd8fec8
15,squads,/en/squads/5c2737db/Le-Havre-Stats,Le Havre,https://cdn.ssref.net/req/202507141/tlogo/fb/mini.5c2737db.png,34,10,4,20,40,71,-31,34,1.00,41.4,62.8,-21.4,-0.63,"20,218",Abdoulaye Touré-10,Arthur Desmas,,13,2024-2025,0b0dfcf1-db96-42bc-b89d-b7438cd8fec8
16,squads,/en/squads/7fdd64e0/Reims-Stats,Reims,https://cdn.ssref.net/req/202507141/tlogo/fb/mini.7fdd64e0.png,34,8,9,17,33,47,-14,33,0.97,37.4,57.4,-19.9,-0.59,"15,655",Keito Nakamura-11,Yehvann Diouf,→ French 1/2 Relegation/Promotion play-offs,13,2024-2025,0b0dfcf1-db96-42bc-b89d-b7438cd8fec8
17,squads,/en/squads/d298ef2c/Saint-Etienne-Stats,Saint-Étienne,https://cdn.ssref.net/req/202507141/tlogo/fb/mini.d298ef2c.png,34,8,6,20,39,77,-38,30,0.88,36.4,74.3,-37.9,-1.15,"30,220",Lucas Stassin-12,Gautier Larsonneur,Relegated,13,2024-2025,0b0dfcf1-db96-42bc-b89d-b7438cd8fec8
18,squads,/en/squads/281b0e73/Montpellier-Stats,Montpellier,https://cdn.ssref.net/req/202507141/tlogo/fb/mini.281b0e73.png,34,4,4,26,23,79,-56,16,0.47,33.5,63.3,-29.9,-0.91,"13,483",Arnaud Nordin-4,Benjamin Lecomte,Relegated,13,2024-2025,0b0dfcf1-db96-42bc-b89d-b7438cd8fec8
